"Day","Product title","Product variant title","Net sales","Day (previous_period)","Net sales (previous_period)"
"2025-03-26","Bruma corporal de vainilla y caramelo","1 Bruma de caramelo de vainilla",29.9,"2024-12-27",23.92
"2025-03-26","1 desodorante comprado = 1 musk gratis","Musk blanco / Musk blanco",29.9,"2024-12-27",0
"2025-03-28","MUSK ÍNTIMO | MUSKAT©","1 comprado = el segundo al 50% de descuento / Monoi,Monoi",29.9,"2024-12-29",0
"2025-03-28","MUSK ÍNTIMO - MONOÏ","1 monoi musk comprado = el segundo al 50% de descuento",29.9,"2024-12-29",0
"2025-03-28","MUSK ÍNTIMO | MUSKAT©","1 comprado = el segundo al 50% de descuento / Algodón de azúcar,Algodón de azúcar",29.9,"2024-12-29",29.9
"2025-03-28","1 desodorante comprado = 1 musk gratis","Cereza / Musk blanco",29.9,"2024-12-29",0
"2025-03-29","MUSK ÍNTIMO | MUSKAT©","1 comprado = el segundo al 50% de descuento / Algodón de azúcar,Algodón de azúcar",29.9,"2024-12-30",29.9
"2025-03-30","MUSK ÍNTIMO | MUSKAT©","1 comprado = el segundo al 50% de descuento / Algodón de azúcar,Algodón de azúcar",29.9,"2024-12-31",0
"2025-03-31","MUSK ÍNTIMO | MUSKAT©","1 comprado = el segundo al 50% de descuento / Algodón de azúcar,Algodón de azúcar",29.9,"2025-01-01",0
"2025-04-01","1 desodorante comprado = 1 musk gratis","Monoi / Musk blanco",29.9,"2025-01-02",0
"2025-04-01","MUSK ÍNTIMO | MUSKAT©","1 comprado = el segundo al 50% de descuento / Algodón de azúcar,Musk Blanco",29.9,"2025-01-02",0
"2025-04-01","MUSK ÍNTIMO | MUSKAT©","1 comprado = el segundo al 50% de descuento / Algodón de azúcar,Algodón de azúcar",29.9,"2025-01-02",0
"2025-04-02","1 desodorante comprado = 1 musk gratis","Musk blanco / Musk blanco",29.9,"2025-01-03",29.9
"2025-04-02","MUSK ÍNTIMO | MUSKAT©","1 comprado = el segundo al 50% de descuento / Cereza,Monoi",29.9,"2025-01-03",23.92
"2025-04-02","MUSK ÍNTIMO | MUSKAT©","1 comprado = el segundo al 50% de descuento / Algodón de azúcar,Algodón de azúcar",29.9,"2025-01-03",0
"2025-04-03","MUSK ÍNTIMO | MUSKAT©","1 comprado = el segundo al 50% de descuento / Musk Blanco,Monoi",29.9,"2025-01-04",0
"2025-04-03","MUSK ÍNTIMO | MUSKAT©","1 comprado = el segundo al 50% de descuento / Musk Blanco,Cereza",29.9,"2025-01-04",0
"2025-04-03","MUSK ÍNTIMO | MUSKAT©","1 comprado = el segundo al 50% de descuento / Algodón de azúcar,Cereza",29.9,"2025-01-04",29.9
"2025-04-04","MUSK ÍNTIMO | MUSKAT©","1 comprado = el segundo al 50% de descuento / Musk Blanco,Cereza",29.9,"2025-01-05",0
"2025-04-04","MUSK ÍNTIMO - MONOÏ","1 monoi musk comprado = el segundo al 50% de descuento",29.9,"2025-01-05",0
"2025-04-04","MUSK ÍNTIMO | MUSKAT©","1 comprado = el segundo al 50% de descuento / Musk Blanco,Musk Blanco",29.9,"2025-01-05",0
"2025-04-05","MUSK ÍNTIMO | MUSKAT©","1 comprado = el segundo al 50% de descuento / Algodón de azúcar,Algodón de azúcar",29.9,"2025-01-06",0
"2025-04-05","Bruma corporal de vainilla y caramelo","1 Bruma de caramelo de vainilla",29.9,"2025-01-06",0
"2025-04-05","1 desodorante comprado = 1 musk gratis","Musk blanco / Musk blanco",29.9,"2025-01-06",0
"2025-04-05","1 desodorante comprado = 1 musk gratis","Algodón de azúcar / Musk blanco",29.9,"2025-01-06",0
"2025-04-07","MUSK ÍNTIMO - MONOÏ","1 monoi musk comprado = el segundo al 50% de descuento",29.9,"2025-01-08",0
"2025-04-08","MUSK ÍNTIMO | MUSKAT©","1 comprado = el segundo al 50% de descuento / Algodón de azúcar,Monoi",29.9,"2025-01-09",0
"2025-04-08","MUSK ÍNTIMO | MUSKAT©","1 comprado = el segundo al 50% de descuento / Algodón de azúcar,Cereza",29.9,"2025-01-09",29.9
"2025-04-10","MUSK ÍNTIMO | MUSKAT©","1 comprado = el segundo al 50% de descuento / Algodón de azúcar,Algodón de azúcar",29.9,"2025-01-11",0
"2025-04-12","MUSK ÍNTIMO | MUSKAT©","1 comprado = el segundo al 50% de descuento / Algodón de azúcar,Musk Blanco",29.9,"2025-01-13",0
"2025-04-13","1 desodorante comprado = 1 musk gratis","Algodón de azúcar / Musk blanco",29.9,"2025-01-14",0
"2025-04-15","1 desodorante comprado = 1 musk gratis","Monoi / Musk blanco",29.9,"2025-01-16",0
"2025-04-16","MUSK ÍNTIMO | MUSKAT©","1 comprado = el segundo al 50% de descuento / Algodón de azúcar,Algodón de azúcar",29.9,"2025-01-17",0
"2025-04-17","MUSK ÍNTIMO | MUSKAT©","1 comprado = el segundo al 50% de descuento / Algodón de azúcar,Algodón de azúcar",29.9,"2025-01-18",29.9
"2025-04-17","MUSK ÍNTIMO | MUSKAT©","1 comprado = el segundo al 50% de descuento / Algodón de azúcar,Cereza",29.9,"2025-01-18",29.9
"2025-04-18","MUSK ÍNTIMO | MUSKAT©","1 comprado = el segundo al 50% de descuento / Algodón de azúcar,Algodón de azúcar",29.9,"2025-01-19",0
"2025-04-18","1 desodorante comprado = 1 musk gratis","Musk blanco / Musk blanco",29.9,"2025-01-19",29.9
"2025-04-18","MUSK ÍNTIMO | MUSKAT©","1 comprado = el segundo al 50% de descuento / Algodón de azúcar,Monoi",29.9,"2025-01-19",0
"2025-04-19","MUSK ÍNTIMO | MUSKAT©","1 comprado = el segundo al 50% de descuento / Algodón de azúcar,Cereza",29.9,"2025-01-20",0
"2025-04-19","MUSK ÍNTIMO | MUSKAT©","1 comprado = el segundo al 50% de descuento / Musk Blanco,Musk Blanco",29.9,"2025-01-20",0
"2025-04-20","1 desodorante comprado = 1 musk gratis","Musk blanco / Musk blanco",29.9,"2025-01-21",0
"2025-04-21","MUSK ÍNTIMO | MUSKAT©","1 comprado = el segundo al 50% de descuento / Cereza,Cereza",29.9,"2025-01-22",0
"2025-04-21","MUSK ÍNTIMO | MUSKAT©","1 comprado = el segundo al 50% de descuento / Algodón de azúcar,Musk Blanco",29.9,"2025-01-22",0
"2025-04-22","MUSK ÍNTIMO | MUSKAT©","1 comprado = el segundo al 50% de descuento / Algodón de azúcar,Musk Blanco",29.9,"2025-01-23",0
"2025-04-23","1 desodorante comprado = 1 musk gratis","Cereza / Musk blanco",29.9,"2025-01-24",0
"2025-04-23","MUSK ÍNTIMO | MUSKAT©","1 comprado = el segundo al 50% de descuento / Musk Blanco,Cereza",29.9,"2025-01-24",29.9
"2025-04-26","MUSK ÍNTIMO | MUSKAT©","1 comprado = el segundo al 50% de descuento / Algodón de azúcar,Cereza",29.9,"2025-01-27",0
"2025-04-29","Bruma corporal de vainilla y caramelo","1 Bruma de caramelo de vainilla",29.9,"2025-01-30",29.9
"2025-04-29","MUSK ÍNTIMO | MUSKAT©","1 comprado = el segundo al 50% de descuento / Musk Blanco,Musk Blanco",29.9,"2025-01-30",23.92
"2025-04-30","MUSK ÍNTIMO | MUSKAT©","1 comprado = el segundo al 50% de descuento / Musk Blanco,Musk Blanco",29.9,"2025-01-31",0
"2025-04-30","Bruma corporal Pinky","1 Bruma Pinky",29.9,"2025-01-31",0
"2025-04-30","MUSK ÍNTIMO | MUSKAT©","1 comprado = el segundo al 50% de descuento / Algodón de azúcar,Cereza",29.9,"2025-01-31",23.92
"2025-04-30","1 desodorante comprado = 1 musk gratis","Musk blanco / Musk blanco",29.9,"2025-01-31",0
"2025-04-30","MUSK ÍNTIMO | MUSKAT©","1 comprado = el segundo al 50% de descuento / Musk Blanco,Monoi",29.9,"2025-01-31",0
"2025-05-01","MUSK ÍNTIMO | MUSKAT©","1 comprado = el segundo al 50% de descuento / Musk Blanco,Musk Blanco",29.9,"2025-02-01",0
"2025-05-01","MUSK ÍNTIMO | MUSKAT©","1 comprado = el segundo al 50% de descuento / Cereza,Cereza",29.9,"2025-02-01",0
"2025-05-02","MUSK ÍNTIMO | MUSKAT©","1 comprado = el segundo al 50% de descuento / Algodón de azúcar,Algodón de azúcar",29.9,"2025-02-02",0
"2025-05-02","MUSK ÍNTIMO | MUSKAT©","1 comprado = el segundo al 50% de descuento / Algodón de azúcar,Cereza",29.9,"2025-02-02",29.9
"2025-05-04","MUSK ÍNTIMO - MONOÏ","1 monoi musk comprado = el segundo al 50% de descuento",29.9,"2025-02-04",0
"2025-05-05","MUSK ÍNTIMO | MUSKAT©","1 comprado = el segundo al 50% de descuento / Monoi,Monoi",29.9,"2025-02-05",0
"2025-05-06","MUSK ÍNTIMO | MUSKAT©","1 comprado = el segundo al 50% de descuento / Algodón de azúcar,Algodón de azúcar",29.9,"2025-02-06",0
"2025-05-06","1 desodorante comprado = 1 musk gratis","Cereza / Musk blanco",29.9,"2025-02-06",0
"2025-03-06","Bruma corporal de musk blanco","Default Title",29.67,"2024-12-07",31.41
"2025-05-05","Pack exótico : 1 musk monoi + 1 bruma de coco rojo","Default Title",29.67,"2025-02-05",34.9
"2025-05-06","Pack delicadeza : 1 bruma de vainilla caramelo + 1 musk blanco","Default Title",29.67,"2025-02-06",0
"2025-03-08","Pack exótico : 1 musk monoi + 1 bruma de coco rojo","Default Title",29.66,"2024-12-09",90.74
"2025-04-03","Pack delicadeza : 1 bruma de vainilla caramelo + 1 musk blanco","Default Title",29.66,"2025-01-04",34.9
"2025-04-10","Pack delicadeza : 1 bruma de vainilla caramelo + 1 musk blanco","Default Title",29.66,"2025-01-11",0
"2025-03-01","Pack delicadeza : 1 bruma de vainilla caramelo + 1 musk blanco","Default Title",27.92,"2024-12-02",27.92
"2025-03-11","1 bruma comprada = 1 desodorante gratis","Musk blanco / Musk blanco",27.92,"2024-12-12",0
"2025-03-11","Pack delicadeza : 1 bruma de vainilla caramelo + 1 musk blanco","Default Title",27.92,"2024-12-12",61.07
"2025-03-21","Bruma corporal de coco rojo","Default Title",27.92,"2024-12-22",0
"2025-04-23","1 bruma comprada = 1 desodorante gratis","Musk blanco / Musk blanco",27.92,"2025-01-24",0
"2025-04-25","1 bruma comprada = 1 desodorante gratis","Musk blanco / Musk blanco",27.92,"2025-01-26",0
"2025-02-14","1 desodorante comprado = 1 musk gratis","Monoi / Musk blanco",26.91,"2024-11-17",0
"2025-02-15","MUSK ÍNTIMO | MUSKAT©","1 comprado = el segundo al 50% de descuento / Monoi,Monoi",26.91,"2024-11-18",0
"2025-02-19","MUSK ÍNTIMO - MONOÏ","1 monoi musk comprado = el segundo al 50% de descuento",26.91,"2024-11-22",0
"2025-02-20","Bruma de algodón de azúcar","Default Title",26.91,"2024-11-23",17.45
"2025-02-24","MUSK ÍNTIMO | MUSKAT©","1 comprado = el segundo al 50% de descuento / Algodón de azúcar,Algodón de azúcar",26.91,"2024-11-27",0
"2025-03-02","Bruma de algodón de azúcar","Default Title",26.91,"2024-12-03",0
"2025-03-07","1 desodorante comprado = 1 musk gratis","Musk blanco / Musk blanco",26.91,"2024-12-08",56.81
"2025-03-20","Bruma corporal Pinky","1 Bruma Pinky",26.91,"2024-12-21",0
"2025-03-20","MUSK ÍNTIMO | MUSKAT©","1 comprado = el segundo al 50% de descuento / Algodón de azúcar,Monoi",26.91,"2024-12-21",29.9
"2025-03-24","Bruma corporal Pinky","1 Bruma Pinky",26.91,"2024-12-25",0
"2025-03-25","1 desodorante comprado = 1 musk gratis","Musk blanco / Musk blanco",26.91,"2024-12-26",0
"2025-03-28","MUSK ÍNTIMO | MUSKAT©","1 comprado = el segundo al 50% de descuento / Cereza,Monoi",26.91,"2024-12-29",0
"2025-03-31","MUSK ÍNTIMO | MUSKAT©","1 comprado = el segundo al 50% de descuento / Musk Blanco,Musk Blanco",26.91,"2025-01-01",0
"2025-03-31","MUSK ÍNTIMO | MUSKAT©","1 comprado = el segundo al 50% de descuento / Musk Blanco,Monoi",26.91,"2025-01-01",20.93
"2025-04-07","MUSK ÍNTIMO | MUSKAT©","1 comprado = el segundo al 50% de descuento / Algodón de azúcar,Algodón de azúcar",26.91,"2025-01-08",0
"2025-04-07","MUSK ÍNTIMO | MUSKAT©","1 comprado = el segundo al 50% de descuento / Algodón de azúcar,Monoi",26.91,"2025-01-08",0
"2025-04-07","1 desodorante comprado = 1 musk gratis","Algodón de azúcar / Musk blanco",26.91,"2025-01-08",0
"2025-04-09","MUSK ÍNTIMO | MUSKAT©","1 comprado = el segundo al 50% de descuento / Musk Blanco,Musk Blanco",26.91,"2025-01-10",29.9
"2025-04-11","MUSK ÍNTIMO | MUSKAT©","1 comprado = el segundo al 50% de descuento / Musk Blanco,Cereza",26.91,"2025-01-12",0
"2025-04-12","MUSK ÍNTIMO | MUSKAT©","1 comprado = el segundo al 50% de descuento / Algodón de azúcar,Algodón de azúcar",26.91,"2025-01-13",0
"2025-04-15","MUSK ÍNTIMO | MUSKAT©","1 comprado = el segundo al 50% de descuento / Algodón de azúcar,Cereza",26.91,"2025-01-16",29.9
"2025-04-17","MUSK ÍNTIMO | MUSKAT©","1 comprado = el segundo al 50% de descuento / Musk Blanco,Musk Blanco",26.91,"2025-01-18",0
"2025-04-22","MUSK ÍNTIMO | MUSKAT©","1 comprado = el segundo al 50% de descuento / Musk Blanco,Monoi",26.91,"2025-01-23",29.9
"2025-04-23","1 desodorante comprado = 1 musk gratis","Monoi / Musk blanco",26.91,"2025-01-24",0
"2025-05-01","MUSK ÍNTIMO | MUSKAT©","1 comprado = el segundo al 50% de descuento / Algodón de azúcar,Musk Blanco",26.91,"2025-02-01",0
"2025-05-03","Bruma corporal de vainilla y caramelo","1 Bruma de caramelo de vainilla",26.91,"2025-02-03",29.9
"2025-05-05","1 desodorante comprado = 1 musk gratis","Musk blanco / Musk blanco",26.91,"2025-02-05",29.9
"2025-05-06","MUSK ÍNTIMO | MUSKAT©","1 comprado = el segundo al 50% de descuento / Algodón de azúcar,Cereza",26.91,"2025-02-06",0
"2025-05-07","MUSK ÍNTIMO | MUSKAT©","1 comprado = el segundo al 50% de descuento / Algodón de azúcar,Algodón de azúcar",26.91,"2025-02-07",26.91
"2025-05-06","1 desodorante comprado = 1 musk gratis","Musk blanco / Musk blanco",25.42,"2025-02-06",0
"2025-05-06","MUSK ÍNTIMO | MUSKAT©","1 comprado = el segundo al 50% de descuento / Musk Blanco,Monoi",25.42,"2025-02-06",0
"2025-03-25","2 musks comprados = 3 musks gratis","Algodón de azúcar / Algodón de azúcar / Algodón de azúcar",24.95,"2024-12-26",0
"2025-02-08","1 desodorante comprado = 1 musk gratis","Musk blanco / Musk blanco",23.92,"2024-11-11",0
"2025-02-12","MUSK ÍNTIMO | MUSKAT©","1 comprado = el segundo al 50% de descuento / Cereza,Monoi",23.92,"2024-11-15",0
"2025-02-17","MUSK ÍNTIMO | MUSKAT©","1 comprado = el segundo al 50% de descuento / Musk Blanco,Monoi",23.92,"2024-11-20",0
"2025-02-21","MUSK ÍNTIMO | MUSKAT©","1 comprado = el segundo al 50% de descuento / Algodón de azúcar,Algodón de azúcar",23.92,"2024-11-24",0
"2025-03-01","MUSK ÍNTIMO | MUSKAT©","1 comprado = el segundo al 50% de descuento / Algodón de azúcar,Monoi",23.92,"2024-12-02",0
"2025-03-04","Bruma de algodón de azúcar","Default Title",23.92,"2024-12-05",0
"2025-03-10","MUSK ÍNTIMO | MUSKAT©","1 comprado = el segundo al 50% de descuento / Musk Blanco,Cereza",23.92,"2024-12-11",0
"2025-03-12","1 desodorante comprado = 1 musk gratis","Monoi / Musk blanco",23.92,"2024-12-13",26.91
"2025-03-20","1 desodorante comprado = 1 musk gratis","Monoi / Musk blanco",23.92,"2024-12-21",23.92
"2025-03-21","Bruma corporal de vainilla y caramelo","1 Bruma de caramelo de vainilla",23.92,"2024-12-22",0
"2025-03-21","Bruma corporal Pinky","1 Bruma Pinky",23.92,"2024-12-22",0
"2025-04-05","MUSK ÍNTIMO | MUSKAT©","1 comprado = el segundo al 50% de descuento / Algodón de azúcar,Cereza",23.92,"2025-01-06",0
"2025-04-07","MUSK ÍNTIMO | MUSKAT©","1 comprado = el segundo al 50% de descuento / Musk Blanco,Monoi",23.92,"2025-01-08",0
"2025-04-11","MUSK ÍNTIMO | MUSKAT©","1 comprado = el segundo al 50% de descuento / Musk Blanco,Musk Blanco",23.92,"2025-01-12",29.9
"2025-04-26","MUSK ÍNTIMO | MUSKAT©","1 comprado = el segundo al 50% de descuento / Algodón de azúcar,Algodón de azúcar",23.92,"2025-01-27",0
"2025-05-04","MUSK ÍNTIMO | MUSKAT©","1 comprado = el segundo al 50% de descuento / Algodón de azúcar,Algodón de azúcar",23.92,"2025-02-04",0
"2025-02-09","MUSK ÍNTIMO | MUSKAT©","1 Muskat Musk íntimo / Musk Blanco",19.9,"2024-11-12",22.41
"2025-02-09","MUSK ÍNTIMO - CEREZA","Default Title",19.9,"2024-11-12",0
"2025-02-09","MUSK ÍNTIMO - ALMIZCLE BLANCO","Default Title",19.9,"2024-11-12",22.41
"2025-02-10","MUSK ÍNTIMO - MONOÏ","1 Muskat Musk íntimo Monoï",19.9,"2024-11-13",77.61
"2025-02-10","MUSK ÍNTIMO | MUSKAT©","1 Muskat Musk íntimo / Cereza",19.9,"2024-11-13",0
"2025-02-10","MUSK ÍNTIMO | MUSKAT©","1 Muskat Musk íntimo / Musk Blanco",19.9,"2024-11-13",0
"2025-02-11","MUSK ÍNTIMO - MONOÏ","1 Muskat Musk íntimo Monoï",19.9,"2024-11-14",0
"2025-02-11","MUSK ÍNTIMO - CEREZA","Default Title",19.9,"2024-11-14",0
"2025-02-11","MUSK ÍNTIMO | MUSKAT©","1 Muskat Musk íntimo / Monoi",19.9,"2024-11-14",0
"2025-02-12","MUSK ÍNTIMO | MUSKAT©","1 Muskat Musk íntimo / Monoi",19.9,"2024-11-15",0
"2025-02-13","MUSK ÍNTIMO | MUSKAT©","1 Muskat Musk íntimo / Monoi",19.9,"2024-11-16",24.9
"2025-02-13","MUSK ÍNTIMO | MUSKAT©","1 Muskat Musk íntimo / Musk Blanco",19.9,"2024-11-16",22.41
"2025-02-13","MUSK ÍNTIMO - ALMIZCLE BLANCO","Default Title",19.9,"2024-11-16",22.41
"2025-02-13","MUSK ÍNTIMO - MONOÏ","1 Muskat Musk íntimo Monoï",19.9,"2024-11-16",0
"2025-02-14","MUSK ÍNTIMO | MUSKAT©","1 Muskat Musk íntimo / Musk Blanco",19.9,"2024-11-17",22.41
"2025-02-14","MUSK ÍNTIMO | MUSKAT©","1 Muskat Musk íntimo / Cereza",19.9,"2024-11-17",0
"2025-02-15","MUSK ÍNTIMO | MUSKAT©","1 Muskat Musk íntimo / Algodón de azúcar",19.9,"2024-11-18",0
"2025-02-15","MUSK ÍNTIMO - MONOÏ","1 Muskat Musk íntimo Monoï",19.9,"2024-11-18",73.63
"2025-02-17","MUSK ÍNTIMO - ALMIZCLE BLANCO","Default Title",19.9,"2024-11-20",44.82
"2025-02-19","MUSK ÍNTIMO - CEREZA","Default Title",19.9,"2024-11-22",0
"2025-02-23","MUSK ÍNTIMO | MUSKAT©","1 Muskat Musk íntimo / Cereza",19.9,"2024-11-26",19.9
"2025-02-23","MUSK ÍNTIMO | MUSKAT©","1 Muskat Musk íntimo / Musk Blanco",19.9,"2024-11-26",69.65
"2025-02-24","MUSK ÍNTIMO | MUSKAT©","1 Muskat Musk íntimo / Algodón de azúcar",19.9,"2024-11-27",69.65
"2025-02-24","MUSK ÍNTIMO - CEREZA","Default Title",19.9,"2024-11-27",113.43
"2025-02-24","MUSK ÍNTIMO | MUSKAT©","1 Muskat Musk íntimo / Musk Blanco",19.9,"2024-11-27",17.91
"2025-02-25","MUSK ÍNTIMO - ALMIZCLE BLANCO","Default Title",19.9,"2024-11-28",39.8
"2025-02-28","MUSK ÍNTIMO | MUSKAT©","1 Muskat Musk íntimo / Algodón de azúcar",19.9,"2024-12-01",123.38
"2025-03-02","MUSK ÍNTIMO - CEREZA","Default Title",19.9,"2024-12-03",57.71
"2025-03-03","MUSK ÍNTIMO - ALMIZCLE BLANCO","Default Title",19.9,"2024-12-04",75.62
"2025-03-04","MUSK ÍNTIMO | MUSKAT©","1 Muskat Musk íntimo / Musk Blanco",19.9,"2024-12-05",19.9
"2025-03-06","MUSK ÍNTIMO | MUSKAT©","1 Muskat Musk íntimo / Algodón de azúcar",19.9,"2024-12-07",75.62
"2025-03-06","MUSK ÍNTIMO | MUSKAT©","1 Muskat Musk íntimo / Musk Blanco",19.9,"2024-12-07",0
"2025-03-06","MUSK ÍNTIMO - CEREZA","Default Title",19.9,"2024-12-07",0
"2025-03-07","MUSK ÍNTIMO - ALMIZCLE BLANCO","Default Title",19.9,"2024-12-08",17.91
"2025-03-07","MUSK ÍNTIMO | MUSKAT©","1 Muskat Musk íntimo / Musk Blanco",19.9,"2024-12-08",35.82
"2025-03-07","MUSK ÍNTIMO | MUSKAT©","1 Muskat Musk íntimo / Cereza",19.9,"2024-12-08",35.82
"2025-03-08","MUSK ÍNTIMO - CEREZA","Default Title",19.9,"2024-12-09",34.82
"2025-03-10","MUSK ÍNTIMO | MUSKAT©","1 Muskat Musk íntimo / Musk Blanco",19.9,"2024-12-11",0
"2025-03-11","MUSK ÍNTIMO - MONOÏ","1 Muskat Musk íntimo Monoï",19.9,"2024-12-12",0
"2025-03-11","MUSK ÍNTIMO - CEREZA","Default Title",19.9,"2024-12-12",0
"2025-03-12","MUSK ÍNTIMO - ALMIZCLE BLANCO","Default Title",19.9,"2024-12-13",53.73
"2025-03-12","MUSK ÍNTIMO - CEREZA","Default Title",19.9,"2024-12-13",17.91
"2025-03-13","MUSK ÍNTIMO | MUSKAT©","1 Muskat Musk íntimo / Algodón de azúcar",19.9,"2024-12-14",57.71
"2025-03-13","MUSK ÍNTIMO - CEREZA","Default Title",19.9,"2024-12-14",19.9
"2025-03-14","MUSK ÍNTIMO | MUSKAT©","1 Muskat Musk íntimo / Cereza",19.9,"2024-12-15",0
"2025-03-14","MUSK ÍNTIMO - ALMIZCLE BLANCO","Default Title",19.9,"2024-12-15",0
"2025-03-16","MUSK ÍNTIMO | MUSKAT©","1 Muskat Musk íntimo / Algodón de azúcar",19.9,"2024-12-17",97.51
"2025-03-17","MUSK ÍNTIMO | MUSKAT©","1 Muskat Musk íntimo / Algodón de azúcar",19.9,"2024-12-18",19.9
"2025-03-17","MUSK ÍNTIMO | MUSKAT©","1 Muskat Musk íntimo / Musk Blanco",19.9,"2024-12-18",19.9
"2025-03-18","MUSK ÍNTIMO - CEREZA","Default Title",19.9,"2024-12-19",0
"2025-03-18","MUSK ÍNTIMO | MUSKAT©","1 Muskat Musk íntimo / Algodón de azúcar",19.9,"2024-12-19",39.8
"2025-03-19","MUSK ÍNTIMO | MUSKAT©","1 Muskat Musk íntimo / Algodón de azúcar",19.9,"2024-12-20",59.7
"2025-03-19","MUSK ÍNTIMO - CEREZA","Default Title",19.9,"2024-12-20",77.61
"2025-03-20","MUSK ÍNTIMO | MUSKAT©","1 Muskat Musk íntimo / Cereza",19.9,"2024-12-21",17.91
"2025-03-21","MUSK ÍNTIMO - MONOÏ","1 Muskat Musk íntimo Monoï",19.9,"2024-12-22",0
"2025-03-22","MUSK ÍNTIMO | MUSKAT©","1 Muskat Musk íntimo / Cereza",19.9,"2024-12-23",0
"2025-03-22","MUSK ÍNTIMO | MUSKAT©","1 Muskat Musk íntimo / Algodón de azúcar",19.9,"2024-12-23",19.9
"2025-03-24","MUSK ÍNTIMO - MONOÏ","1 Muskat Musk íntimo Monoï",19.9,"2024-12-25",15.92
"2025-03-25","MUSK ÍNTIMO - ALMIZCLE BLANCO","Default Title",19.9,"2024-12-26",0
"2025-03-26","MUSK ÍNTIMO - CEREZA","Default Title",19.9,"2024-12-27",19.9
"2025-03-26","MUSK ÍNTIMO - ALMIZCLE BLANCO","Default Title",19.9,"2024-12-27",139.3
"2025-03-27","MUSK ÍNTIMO | MUSKAT©","1 Muskat Musk íntimo / Cereza",19.9,"2024-12-28",19.9
"2025-03-27","MUSK ÍNTIMO | MUSKAT©","1 Muskat Musk íntimo / Algodón de azúcar",19.9,"2024-12-28",59.7
"2025-03-28","MUSK ÍNTIMO - MONOÏ","1 Muskat Musk íntimo Monoï",19.9,"2024-12-29",0
"2025-03-29","MUSK ÍNTIMO | MUSKAT©","1 Muskat Musk íntimo / Algodón de azúcar",19.9,"2024-12-30",19.9
"2025-03-29","MUSK ÍNTIMO - ALMIZCLE BLANCO","Default Title",19.9,"2024-12-30",55.72
"2025-03-29","MUSK ÍNTIMO | MUSKAT©","1 Muskat Musk íntimo / Cereza",19.9,"2024-12-30",0
"2025-03-29","MUSK ÍNTIMO - CEREZA","Default Title",19.9,"2024-12-30",79.6
"2025-03-30","MUSK ÍNTIMO | MUSKAT©","1 Muskat Musk íntimo / Musk Blanco",19.9,"2024-12-31",0
"2025-03-30","MUSK ÍNTIMO | MUSKAT©","1 Muskat Musk íntimo / Algodón de azúcar",19.9,"2024-12-31",55.72
"2025-04-01","MUSK ÍNTIMO | MUSKAT©","1 Muskat Musk íntimo / Cereza",19.9,"2025-01-02",17.91
"2025-04-02","MUSK ÍNTIMO - MONOÏ","1 Muskat Musk íntimo Monoï",19.9,"2025-01-03",19.9
"2025-04-04","MUSK ÍNTIMO | MUSKAT©","1 Muskat Musk íntimo / Musk Blanco",19.9,"2025-01-05",0
"2025-04-04","MUSK ÍNTIMO - ALMIZCLE BLANCO","Default Title",19.9,"2025-01-05",19.9
"2025-04-05","MUSK ÍNTIMO | MUSKAT©","1 Muskat Musk íntimo / Monoi",19.9,"2025-01-06",19.9
"2025-04-05","MUSK ÍNTIMO | MUSKAT©","1 Muskat Musk íntimo / Musk Blanco",19.9,"2025-01-06",19.9
"2025-04-05","MUSK ÍNTIMO | MUSKAT©","1 Muskat Musk íntimo / Algodón de azúcar",19.9,"2025-01-06",119.4
"2025-04-06","MUSK ÍNTIMO | MUSKAT©","1 Muskat Musk íntimo / Musk Blanco",19.9,"2025-01-07",19.9
"2025-04-06","MUSK ÍNTIMO | MUSKAT©","1 Muskat Musk íntimo / Algodón de azúcar",19.9,"2025-01-07",77.61
"2025-04-06","MUSK ÍNTIMO - ALMIZCLE BLANCO","Default Title",19.9,"2025-01-07",59.7
"2025-04-08","MUSK ÍNTIMO | MUSKAT©","1 Muskat Musk íntimo / Musk Blanco",19.9,"2025-01-09",39.8
"2025-04-09","MUSK ÍNTIMO - CEREZA","Default Title",19.9,"2025-01-10",16.91
"2025-04-10","MUSK ÍNTIMO | MUSKAT©","1 Muskat Musk íntimo / Musk Blanco",19.9,"2025-01-11",0
"2025-04-10","MUSK ÍNTIMO - CEREZA","Default Title",19.9,"2025-01-11",0
"2025-04-11","MUSK ÍNTIMO | MUSKAT©","1 Muskat Musk íntimo / Musk Blanco",19.9,"2025-01-12",0
"2025-04-11","MUSK ÍNTIMO - MONOÏ","1 Muskat Musk íntimo Monoï",19.9,"2025-01-12",15.92
"2025-04-11","MUSK ÍNTIMO | MUSKAT©","1 Muskat Musk íntimo / Algodón de azúcar",19.9,"2025-01-12",114.42
"2025-04-11","MUSK ÍNTIMO - CEREZA","Default Title",19.9,"2025-01-12",15.92
"2025-04-12","MUSK ÍNTIMO | MUSKAT©","1 Muskat Musk íntimo / Cereza",19.9,"2025-01-13",19.9
"2025-04-13","MUSK ÍNTIMO | MUSKAT©","1 Muskat Musk íntimo / Musk Blanco",19.9,"2025-01-14",19.9
"2025-04-13","MUSK ÍNTIMO - MONOÏ","1 Muskat Musk íntimo Monoï",19.9,"2025-01-14",0
"2025-04-15","MUSK ÍNTIMO - CEREZA","Default Title",19.9,"2025-01-16",0
"2025-04-15","MUSK ÍNTIMO - ALMIZCLE BLANCO","Default Title",19.9,"2025-01-16",0
"2025-04-16","MUSK ÍNTIMO - ALMIZCLE BLANCO","Default Title",19.9,"2025-01-17",0
"2025-04-16","MUSK ÍNTIMO | MUSKAT©","1 Muskat Musk íntimo / Musk Blanco",19.9,"2025-01-17",0
"2025-04-17","MUSK ÍNTIMO - CEREZA","Default Title",19.9,"2025-01-18",59.7
"2025-04-17","MUSK ÍNTIMO | MUSKAT©","1 Muskat Musk íntimo / Musk Blanco",19.9,"2025-01-18",19.9
"2025-04-19","MUSK ÍNTIMO - MONOÏ","1 Muskat Musk íntimo Monoï",19.9,"2025-01-20",0
"2025-04-20","MUSK ÍNTIMO | MUSKAT©","1 Muskat Musk íntimo / Cereza",19.9,"2025-01-21",15.92
"2025-04-22","MUSK ÍNTIMO | MUSKAT©","1 Muskat Musk íntimo / Monoi",19.9,"2025-01-23",0
"2025-04-22","MUSK ÍNTIMO - ALMIZCLE BLANCO","Default Title",19.9,"2025-01-23",36.81
"2025-04-22","MUSK ÍNTIMO - MONOÏ","1 Muskat Musk íntimo Monoï",19.9,"2025-01-23",0
"2025-04-23","MUSK ÍNTIMO | MUSKAT©","1 Muskat Musk íntimo / Musk Blanco",19.9,"2025-01-24",0
"2025-04-23","MUSK ÍNTIMO | MUSKAT©","1 Muskat Musk íntimo / Cereza",19.9,"2025-01-24",0
"2025-04-23","MUSK ÍNTIMO - ALMIZCLE BLANCO","Default Title",19.9,"2025-01-24",39.8
"2025-04-24","MUSK ÍNTIMO | MUSKAT©","1 Muskat Musk íntimo / Algodón de azúcar",19.9,"2025-01-25",139.3
"2025-04-25","MUSK ÍNTIMO - MONOÏ","1 Muskat Musk íntimo Monoï",19.9,"2025-01-26",0
"2025-04-25","MUSK ÍNTIMO | MUSKAT©","1 Muskat Musk íntimo / Cereza",19.9,"2025-01-26",0
"2025-04-25","MUSK ÍNTIMO | MUSKAT©","1 Muskat Musk íntimo / Monoi",19.9,"2025-01-26",0
"2025-04-25","MUSK ÍNTIMO - ALMIZCLE BLANCO","Default Title",19.9,"2025-01-26",57.71
"2025-04-27","MUSK ÍNTIMO - ALMIZCLE BLANCO","Default Title",19.9,"2025-01-28",79.6
"2025-04-28","MUSK ÍNTIMO | MUSKAT©","1 Muskat Musk íntimo / Musk Blanco",19.9,"2025-01-29",0
"2025-04-28","MUSK ÍNTIMO | MUSKAT©","1 Muskat Musk íntimo / Cereza",19.9,"2025-01-29",19.9
"2025-04-29","MUSK ÍNTIMO - CEREZA","Default Title",19.9,"2025-01-30",19.9
"2025-04-30","MUSK ÍNTIMO | MUSKAT©","1 Muskat Musk íntimo / Cereza",19.9,"2025-01-31",17.91
"2025-05-02","MUSK ÍNTIMO - CEREZA","Default Title",19.9,"2025-02-02",131.34
"2025-05-02","MUSK ÍNTIMO - MONOÏ","1 Muskat Musk íntimo Monoï",19.9,"2025-02-02",0
"2025-05-03","MUSK ÍNTIMO - ALMIZCLE BLANCO","Default Title",19.9,"2025-02-03",19.9
"2025-05-03","MUSK ÍNTIMO | MUSKAT©","1 Muskat Musk íntimo / Musk Blanco",19.9,"2025-02-03",59.7
"2025-05-04","MUSK ÍNTIMO - ALMIZCLE BLANCO","Default Title",19.9,"2025-02-04",39.8
"2025-05-05","MUSK ÍNTIMO - ALMIZCLE BLANCO","Default Title",19.9,"2025-02-05",59.7
"2025-05-05","MUSK ÍNTIMO | MUSKAT©","1 Muskat Musk íntimo / Algodón de azúcar",19.9,"2025-02-05",75.62
"2025-05-07","MUSK ÍNTIMO | MUSKAT©","1 Muskat Musk íntimo / Cereza",19.9,"2025-02-07",19.9
"2025-05-07","MUSK ÍNTIMO - CEREZA","Default Title",19.9,"2025-02-07",39.8
"2025-05-07","MUSK ÍNTIMO - MONOÏ","1 Muskat Musk íntimo Monoï",19.9,"2025-02-07",0
"2025-02-10","MUSK ÍNTIMO | MUSKAT©","1 Muskat Musk íntimo / Monoi",17.91,"2024-11-13",0
"2025-02-15","MUSK ÍNTIMO - CEREZA","Default Title",17.91,"2024-11-18",67.23
"2025-02-16","MUSK ÍNTIMO - CEREZA","Default Title",17.91,"2024-11-19",0
"2025-03-02","MUSK ÍNTIMO - ALMIZCLE BLANCO","Default Title",17.91,"2024-12-03",95.52
"2025-03-03","MUSK ÍNTIMO | MUSKAT©","1 Muskat Musk íntimo / Musk Blanco",17.91,"2024-12-04",37.81
"2025-03-04","MUSK ÍNTIMO - ALMIZCLE BLANCO","Default Title",17.91,"2024-12-05",17.91
"2025-03-05","MUSK ÍNTIMO - ALMIZCLE BLANCO","Default Title",17.91,"2024-12-06",39.8
"2025-03-20","MUSK ÍNTIMO | MUSKAT©","1 Muskat Musk íntimo / Algodón de azúcar",17.91,"2024-12-21",59.7
"2025-03-27","MUSK ÍNTIMO - MONOÏ","1 Muskat Musk íntimo Monoï",17.91,"2024-12-28",19.9
"2025-03-29","MUSK ÍNTIMO | MUSKAT©","1 Muskat Musk íntimo / Musk Blanco",17.91,"2024-12-30",39.8
"2025-03-30","MUSK ÍNTIMO | MUSKAT©","1 Muskat Musk íntimo / Monoi",17.91,"2024-12-31",0
"2025-04-05","MUSK ÍNTIMO - CEREZA","Default Title",17.91,"2025-01-06",19.9
"2025-04-14","MUSK ÍNTIMO | MUSKAT©","1 Muskat Musk íntimo / Algodón de azúcar",17.91,"2025-01-15",35.82
"2025-04-15","MUSK ÍNTIMO - MONOÏ","1 Muskat Musk íntimo Monoï",17.91,"2025-01-16",0
"2025-04-16","MUSK ÍNTIMO | MUSKAT©","1 Muskat Musk íntimo / Cereza",17.91,"2025-01-17",0
"2025-04-17","MUSK ÍNTIMO | MUSKAT©","1 Muskat Musk íntimo / Algodón de azúcar",17.91,"2025-01-18",79.6
"2025-04-18","MUSK ÍNTIMO | MUSKAT©","1 Muskat Musk íntimo / Algodón de azúcar",17.91,"2025-01-19",39.8
"2025-05-06","MUSK ÍNTIMO | MUSKAT©","1 Muskat Musk íntimo / Monoi",16.92,"2025-02-06",0
"2025-05-06","MUSK ÍNTIMO | MUSKAT©","1 Muskat Musk íntimo / Cereza",16.92,"2025-02-06",0
"2025-02-26","MUSK ÍNTIMO - MONOÏ","1 Muskat Musk íntimo Monoï",16.91,"2024-11-29",39.8
"2025-03-17","MUSK ÍNTIMO - ALMIZCLE BLANCO","Default Title",16.91,"2024-12-18",19.9
"2025-03-20","MUSK ÍNTIMO - CEREZA","Default Title",16.91,"2024-12-21",0
"2025-04-07","MUSK ÍNTIMO | MUSKAT©","1 Muskat Musk íntimo / Algodón de azúcar",16.91,"2025-01-08",0
"2025-04-18","MUSK ÍNTIMO | MUSKAT©","1 Muskat Musk íntimo / Cereza",16.91,"2025-01-19",19.9
"2025-02-12","MUSK ÍNTIMO - MONOÏ","1 Muskat Musk íntimo Monoï",15.92,"2024-11-15",0
"2025-02-16","MUSK ÍNTIMO | MUSKAT©","1 Muskat Musk íntimo / Monoi",15.92,"2024-11-19",0
"2025-02-19","MUSK ÍNTIMO - ALMIZCLE BLANCO","Default Title",15.92,"2024-11-22",0
"2025-02-24","MUSK ÍNTIMO | MUSKAT©","1 Muskat Musk íntimo / Monoi",15.92,"2024-11-27",19.9
"2025-02-27","MUSK ÍNTIMO - CEREZA","Default Title",15.92,"2024-11-30",91.54
"2025-03-03","MUSK ÍNTIMO - CEREZA","Default Title",15.92,"2024-12-04",33.83
"2025-03-04","MUSK ÍNTIMO - MONOÏ","1 Muskat Musk íntimo Monoï",15.92,"2024-12-05",0
"2025-03-05","MUSK ÍNTIMO - CEREZA","Default Title",15.92,"2024-12-06",0
"2025-03-07","MUSK ÍNTIMO | MUSKAT©","1 Muskat Musk íntimo / Monoi",15.92,"2024-12-08",0
"2025-03-12","MUSK ÍNTIMO | MUSKAT©","1 Muskat Musk íntimo / Musk Blanco",15.92,"2024-12-13",0
"2025-03-16","MUSK ÍNTIMO - ALMIZCLE BLANCO","Default Title",15.92,"2024-12-17",19.9
"2025-03-31","MUSK ÍNTIMO | MUSKAT©","1 Muskat Musk íntimo / Musk Blanco",15.92,"2025-01-01",44.7
"2025-04-08","MUSK ÍNTIMO - CEREZA","Default Title",15.92,"2025-01-09",15.92
"2025-04-18","MUSK ÍNTIMO | MUSKAT©","1 Muskat Musk íntimo / Musk Blanco",15.92,"2025-01-19",55.72
"2025-04-23","MUSK ÍNTIMO - MONOÏ","1 Muskat Musk íntimo Monoï",15.92,"2025-01-24",0
"2025-03-13","MUSK ÍNTIMO | MUSKAT©","1 Muskat Musk íntimo / Musk Blanco",9.95,"2024-12-14",19.9
"2025-04-26","MUSK ÍNTIMO | MUSKAT©","1 Muskat Musk íntimo / Algodón de azúcar",2.99,"2025-01-27",19.9
"2025-04-22","MUSK ÍNTIMO - CEREZA","Default Title",1.99,"2025-01-23",0
"2025-02-08",,,0,"2024-11-11",0
"2025-02-08","MUSK ÍNTIMO | MUSKAT©","1 comprado = el segundo al 50% de descuento / Musk Blanco,Monoi",0,"2024-11-11",0
"2025-02-08","Pack descubrimiento: 2 musks + 1 desodorante + 1 bruma","Musk Blanco / Algodón de azúcar / Coco rojo",0,"2024-11-11",59.9
"2025-02-08","MUSK ÍNTIMO - ALMIZCLE BLANCO","Default Title",0,"2024-11-11",24.9
"2025-02-08","1 bruma comprada = 1 desodorante gratis","Musk blanco / Musk blanco",0,"2024-11-11",0
"2025-02-08","MUSK ÍNTIMO | MUSKAT©","1 Muskat Musk íntimo / Cereza",0,"2024-11-11",24.9
"2025-02-08","Pack descubrimiento: 2 musks + 1 desodorante + 1 bruma","Monoi / Musk Blanco / Coco rojo",0,"2024-11-11",53.91
"2025-02-08","MUSK ÍNTIMO | MUSKAT©","2 comprados = 1 gratis / Algodón de azúcar,Musk Blanco,Monoi",0,"2024-11-11",0
"2025-02-08","Pack de rutina de frescura completa : 1 musk + 1 bruma + 1 desodorante","Musk blanco / Musk blanco / Musk blanco",0,"2024-11-11",0
"2025-02-08","MUSK ÍNTIMO | MUSKAT©","1 Muskat Musk íntimo / Algodón de azúcar",0,"2024-11-11",0
"2025-02-08","MUSK ÍNTIMO - MONOÏ","1 Muskat Musk íntimo Monoï",0,"2024-11-11",39.8
"2025-02-09","Pack descubrimiento: 2 musks + 1 desodorante + 1 bruma","Musk Blanco / Algodón de azúcar / Musk blanco",0,"2024-11-12",161.73
"2025-02-09","Pack Ultimate: 3 musk + 2 desodorantes + 2 brumas","Cereza / Musk Blanco / Coco Rojo",0,"2024-11-12",99.9
"2025-02-09","MUSK ÍNTIMO | MUSKAT©","1 Muskat Musk íntimo / Cereza",0,"2024-11-12",24.9
"2025-02-09","MUSK ÍNTIMO | MUSKAT©","1 Muskat Musk íntimo / Algodón de azúcar",0,"2024-11-12",24.9
"2025-02-09","Pack descubrimiento: 2 musks + 1 desodorante + 1 bruma","Musk Blanco / Cereza / Musk blanco",0,"2024-11-12",104.82
"2025-02-09","Pack descubrimiento: 2 musks + 1 desodorante + 1 bruma","Algodón de azúcar / Musk Blanco / Musk blanco",0,"2024-11-12",47.92
"2025-02-09","MUSK ÍNTIMO - MONOÏ","1 Muskat Musk íntimo Monoï",0,"2024-11-12",147.26
"2025-02-09",,,0,"2024-11-12",0
"2025-02-10","Pack descubrimiento: 2 musks + 1 desodorante + 1 bruma","Monoi / Algodón de azúcar / Coco rojo",0,"2024-11-13",53.91
"2025-02-10","1 bruma comprada = 1 musk al 50% de descuento","2 bruma comprada = 2 musk gratis / Musk Blanco,Coco rojo / Algodón de azúcar,Algodón de azúcar",0,"2024-11-13",69.9
"2025-02-10","MUSK ÍNTIMO - CEREZA","Default Title",0,"2024-11-13",22.41
"2025-02-10","Pack descubrimiento: 2 musks + 1 desodorante + 1 bruma","Musk Blanco / Musk Blanco / Musk blanco",0,"2024-11-13",101.83
"2025-02-10","MUSK ÍNTIMO - MONOÏ","1 monoi musk comprado = el segundo al 50% de descuento",0,"2024-11-13",26.91
"2025-02-10","Pack Ultimate: 3 musk + 2 desodorantes + 2 brumas","Musk Blanco / Algodón de azúcar / Musk Blanco",0,"2024-11-13",89.91
"2025-02-10",,,0,"2024-11-13",0
"2025-02-11",,,0,"2024-11-14",0
"2025-02-11","Pack descubrimiento: 2 musks + 1 desodorante + 1 bruma","Cereza / Algodón de azúcar / Coco rojo",0,"2024-11-14",53.91
"2025-02-11","Pack descubrimiento: 2 musks + 1 desodorante + 1 bruma","Monoi / Musk Blanco / Musk blanco",0,"2024-11-14",107.82
"2025-02-11","MUSK ÍNTIMO | MUSKAT©","1 Muskat Musk íntimo / Cereza",0,"2024-11-14",22.41
"2025-02-11","MUSK ÍNTIMO - MONOÏ","1 monoi musk comprado = el segundo al 50% de descuento",0,"2024-11-14",29.9
"2025-02-11","MUSK ÍNTIMO | MUSKAT©","1 Muskat Musk íntimo / Musk Blanco",0,"2024-11-14",22.41
"2025-02-12",,,0,"2024-11-15",0
"2025-02-12","1 bruma comprada = segunda bruma al 50% de descuento",,0,"2024-11-15",47.12
"2025-02-12","MUSK ÍNTIMO | MUSKAT©","1 comprado = el segundo al 50% de descuento / Algodón de azúcar,Cereza",0,"2024-11-15",29.88
"2025-02-12","MUSK ÍNTIMO | MUSKAT©","1 comprado = el segundo al 50% de descuento / Musk Blanco,Musk Blanco",0,"2024-11-15",33.61
"2025-02-12","MUSK ÍNTIMO - MONOÏ","2 musk monoi comprados = 1 musk monoi gratis",0,"2024-11-15",79.8
"2025-02-12","1 bruma comprada = 1 musk al 50% de descuento","1 bruma comprada = 1 almizcle al 50% de descuento / Musk Blanco / Cereza",0,"2024-11-15",47.35
"2025-02-12","Pack descubrimiento: 2 musks + 1 desodorante + 1 bruma","Musk Blanco / Algodón de azúcar / Musk blanco",0,"2024-11-15",53.91
"2025-02-13","MUSK ÍNTIMO | MUSKAT©","2 comprados = 1 gratis / Musk Blanco,Musk Blanco,Monoi",0,"2024-11-16",49.8
"2025-02-13","Pack descubrimiento: 2 musks + 1 desodorante + 1 bruma","Monoi / Musk Blanco / Musk blanco",0,"2024-11-16",47.92
"2025-02-13","Pack descubrimiento: 2 musks + 1 desodorante + 1 bruma","Musk Blanco / Algodón de azúcar / Musk blanco",0,"2024-11-16",47.92
"2025-02-13","Bruma corporal de coco rojo","Default Title",0,"2024-11-16",31.41
"2025-02-13","1 desodorante comprado = 1 almizcle al 50% de descuento","1 desodorante comprado = 1 almizcle al 50% de descuento / Musk Blanco",0,"2024-11-16",33.88
"2025-02-13",,,0,"2024-11-16",0
"2025-02-14","Pack descubrimiento: 2 musks + 1 desodorante + 1 bruma","Musk Blanco / Algodón de azúcar / Vainilla caramelo",0,"2024-11-17",53.91
"2025-02-14","MUSK ÍNTIMO | MUSKAT©","1 comprado = el segundo al 50% de descuento / Algodón de azúcar,Algodón de azúcar",0,"2024-11-17",70.96
"2025-02-14","Pack descubrimiento: 2 musks + 1 desodorante + 1 bruma","Cereza / Algodón de azúcar / Coco rojo",0,"2024-11-17",53.91
"2025-02-14","MUSK ÍNTIMO - ALMIZCLE BLANCO","Default Title",0,"2024-11-17",21.16
"2025-02-14","Pack descubrimiento: 2 musks + 1 desodorante + 1 bruma","Monoi / Musk Blanco / Musk blanco",0,"2024-11-17",47.92
"2025-02-14","MUSK ÍNTIMO - CEREZA","Default Title",0,"2024-11-17",22.41
"2025-02-14","Bruma corporal de coco rojo","Default Title",0,"2024-11-17",31.41
"2025-02-14","Bruma corporal de vainilla y caramelo","1 Bruma de caramelo de vainilla",0,"2024-11-17",29.9
"2025-02-14","Oferta limitada: 1 bruma de caramelo de vainilla + 1 bruma de pinky","Default Title",0,"2024-11-17",289.27
"2025-02-14","Pack Ultimate: 3 musk + 2 desodorantes + 2 brumas","Monoi / Algodón de azúcar / Coco Rojo",0,"2024-11-17",79.92
"2025-02-14","Bruma corporal Pinky","1 Bruma Pinky",0,"2024-11-17",23.92
"2025-02-14","1 bruma comprada = 50% de descuento en el desodorante","1 bruma comprada = 50% de descuento en el desodorante / Coco Rojo",0,"2024-11-17",42.46
"2025-02-14","1 bruma comprada = segunda bruma al 50% de descuento","1 bruma comprada = segunda bruma al 50% de descuento / Vainilla caramelo,Pinky",0,"2024-11-17",44.49
"2025-02-14",,,0,"2024-11-17",0
"2025-02-15",,,0,"2024-11-18",0
"2025-02-15","Bruma corporal Pinky","1 Bruma Pinky",0,"2024-11-18",50.83
"2025-02-15","MUSK ÍNTIMO - MONOÏ","2 musk monoi comprados = 1 musk monoi gratis",0,"2024-11-18",35.91
"2025-02-15","Bruma corporal de vainilla y caramelo","1 Bruma de caramelo de vainilla",0,"2024-11-18",29.9
"2025-02-15","Pack descubrimiento: 2 musks + 1 desodorante + 1 bruma","Cereza / Musk Blanco / Coco rojo",0,"2024-11-18",53.91
"2025-02-15","MUSK ÍNTIMO | MUSKAT©","2 comprados = 1 gratis / Musk Blanco,Musk Blanco,Musk Blanco",0,"2024-11-18",44.82
"2025-02-15","MUSK ÍNTIMO | MUSKAT©","2 comprados = 1 gratis / Cereza,Cereza,Cereza",0,"2024-11-18",49.8
"2025-02-15","Oferta limitada: 1 bruma de caramelo de vainilla + 1 bruma de pinky","Default Title",0,"2024-11-18",107.73
"2025-02-15","Pack descubrimiento: 2 musks + 1 desodorante + 1 bruma","Musk Blanco / Algodón de azúcar / Musk blanco",0,"2024-11-18",53.91
"2025-02-15","Pack descubrimiento: 2 musks + 1 desodorante + 1 bruma","Monoi / Algodón de azúcar / Vainilla caramelo",0,"2024-11-18",101.83
"2025-02-15","MUSK ÍNTIMO - MONOÏ","1 monoi musk comprado = el segundo al 50% de descuento",0,"2024-11-18",26.91
"2025-02-15","Pack descubrimiento: 2 musks + 1 desodorante + 1 bruma","Cereza / Algodón de azúcar / Pinky",0,"2024-11-18",53.91
"2025-02-16","MUSK ÍNTIMO | MUSKAT©","1 Muskat Musk íntimo / Musk Blanco",0,"2024-11-19",44.82
"2025-02-16","MUSK ÍNTIMO | MUSKAT©","2 comprados = 1 gratis / Musk Blanco,Cereza,Cereza",0,"2024-11-19",44.82
"2025-02-16",,,0,"2024-11-19",0
"2025-02-16","Pack descubrimiento: 2 musks + 1 desodorante + 1 bruma","Musk Blanco / Cereza / Pinky",0,"2024-11-19",53.91
"2025-02-16","MUSK ÍNTIMO - MONOÏ","2 musk monoi comprados = 1 musk monoi gratis",0,"2024-11-19",35.91
"2025-02-17","Pack descubrimiento: 2 musks + 1 desodorante + 1 bruma","Musk Blanco / Algodón de azúcar / Musk blanco",0,"2024-11-20",119.8
"2025-02-17","Pack descubrimiento: 2 musks + 1 desodorante + 1 bruma","Monoi / Algodón de azúcar / Vainilla caramelo",0,"2024-11-20",47.92
"2025-02-17","1 desodorante comprado = 1 almizcle al 50% de descuento","1 desodorante comprado = 1 almizcle al 50% de descuento / Musk Blanco",0,"2024-11-20",42.35
"2025-02-17","MUSK ÍNTIMO | MUSKAT©","1 comprado = el segundo al 50% de descuento / Algodón de azúcar,Musk Blanco",0,"2024-11-20",29.88
"2025-02-17",,,0,"2024-11-20",0
"2025-02-17","Oferta limitada: 1 bruma de caramelo de vainilla + 1 bruma de pinky","Default Title",0,"2024-11-20",75.81
"2025-02-17","MUSK ÍNTIMO | MUSKAT©","1 comprado = el segundo al 50% de descuento / Musk Blanco,Musk Blanco",0,"2024-11-20",33.61
"2025-02-17","Pack Ultimate: 3 musk + 2 desodorantes + 2 brumas","Musk Blanco / Musk Blanco / Coco Rojo",0,"2024-11-20",89.91
"2025-02-17","MUSK ÍNTIMO | MUSKAT©","2 comprados = 1 gratis / Algodón de azúcar,Algodón de azúcar,Cereza",0,"2024-11-20",49.8
"2025-02-17","MUSK ÍNTIMO | MUSKAT©","1 comprado = el segundo al 50% de descuento / Algodón de azúcar,Cereza",0,"2024-11-20",37.35
"2025-02-17","MUSK ÍNTIMO - MONOÏ","1 Muskat Musk íntimo Monoï",0,"2024-11-20",109.45
"2025-02-17","Pack descubrimiento: 2 musks + 1 desodorante + 1 bruma","Monoi / Musk Blanco / Musk blanco",0,"2024-11-20",-53.91
"2025-02-17","MUSK ÍNTIMO - CEREZA","Default Title",0,"2024-11-20",94.62
"2025-02-17","1 desodorante comprado = 1 almizcle al 50% de descuento","2 desodorantes comprados = 2 musk gratis / Algodón de azúcar,Musk Blanco",0,"2024-11-20",53.91
"2025-02-18","Bruma corporal Pinky","1 Bruma Pinky",0,"2024-11-21",29.9
"2025-02-18",,,0,"2024-11-21",0
"2025-02-18","Pack descubrimiento: 2 musks + 1 desodorante + 1 bruma","Musk Blanco / Musk Blanco / Musk blanco",0,"2024-11-21",53.91
"2025-02-18","Bruma corporal de vainilla y caramelo","1 Bruma de caramelo de vainilla",0,"2024-11-21",29.9
"2025-02-18","Pack descubrimiento: 2 musks + 1 desodorante + 1 bruma","Musk Blanco / Algodón de azúcar / Musk blanco",0,"2024-11-21",104.82
"2025-02-18","MUSK ÍNTIMO | MUSKAT©","2 comprados = 1 gratis / Algodón de azúcar,Musk Blanco,Cereza",0,"2024-11-21",44.82
"2025-02-18","MUSK ÍNTIMO - CEREZA","Default Title",0,"2024-11-21",19.92
"2025-02-18","Bruma corporal de coco rojo","Default Title",0,"2024-11-21",69.8
"2025-02-18","Pack descubrimiento: 2 musks + 1 desodorante + 1 bruma","Monoi / Algodón de azúcar / Pinky",0,"2024-11-21",59.9
"2025-02-18","MUSK ÍNTIMO | MUSKAT©","1 comprado = el segundo al 50% de descuento / Algodón de azúcar,Algodón de azúcar",0,"2024-11-21",37.35
"2025-02-18","MUSK ÍNTIMO | MUSKAT©","2 comprados = 1 gratis / Musk Blanco,Musk Blanco,Monoi",0,"2024-11-21",49.8
"2025-02-19","Pack descubrimiento: 2 musks + 1 desodorante + 1 bruma","Musk Blanco / Algodón de azúcar / Musk blanco",0,"2024-11-22",59.9
"2025-02-19","1 bruma comprada = segunda bruma al 50% de descuento","1 bruma comprada = segunda bruma al 50% de descuento / Musk Blanco,Musk Blanco",0,"2024-11-22",47.11
"2025-02-19","MUSK ÍNTIMO | MUSKAT©","1 Muskat Musk íntimo / Cereza",0,"2024-11-22",22.41
"2025-02-19",,,0,"2024-11-22",0
"2025-02-19","Pack descubrimiento: 2 musks + 1 desodorante + 1 bruma","Algodón de azúcar / Cereza / Vainilla caramelo",0,"2024-11-22",53.91
"2025-02-20","MUSK ÍNTIMO | MUSKAT©","2 comprados = 1 gratis / Musk Blanco,Musk Blanco,Musk Blanco",0,"2024-11-23",35.91
"2025-02-20","MUSK ÍNTIMO | MUSKAT©","1 comprado = el segundo al 50% de descuento / Algodón de azúcar,Musk Blanco",0,"2024-11-23",77.74
"2025-02-20","Pack blackfriday : 2 musks + 2 desodorante + 2 brumas","Musk blanco / Algodón de azúcar / Musk blanco",0,"2024-11-23",62.91
"2025-02-20","Pack descubrimiento: 2 musks + 1 desodorante + 1 bruma","Cereza / Cereza / Coco rojo",0,"2024-11-23",39.92
"2025-02-20","2 brumas compradas = 3 brumas gratis","Musk blanco / Musk blanco",0,"2024-11-23",62.82
"2025-02-20","Pack delicadeza : 1 bruma de vainilla caramelo + 1 musk blanco","Default Title",0,"2024-11-23",34.9
"2025-02-20","2 musks comprados = 3 musks gratis","Monoï / Cereza / Musk blanco",0,"2024-11-23",49.9
"2025-02-20","2 musks comprados = 3 musks gratis","Algodón de azúcar / Algodón de azúcar / Monoï",0,"2024-11-23",44.91
"2025-02-20","2 musks comprados = 3 musks gratis","Musk blanco / Algodón de azúcar / Monoï",0,"2024-11-23",44.91
"2025-02-20","2 musks comprados = 3 musks gratis","Musk blanco / Musk blanco / Musk blanco",0,"2024-11-23",84.82
"2025-02-20","2 musks comprados = 3 musks gratis","Monoï / Algodón de azúcar / Cereza",0,"2024-11-23",79.84
"2025-02-20","2 musks comprados = 3 musks gratis","Musk blanco / Musk blanco / Monoï",0,"2024-11-23",44.91
"2025-02-20","MUSK ÍNTIMO | MUSKAT©","1 comprado = el segundo al 50% de descuento / Algodón de azúcar,Algodón de azúcar",0,"2024-11-23",23.92
"2025-02-20","2 musks comprados = 3 musks gratis","Monoï / Algodón de azúcar / Musk blanco",0,"2024-11-23",49.9
"2025-02-20","2 musks comprados = 3 musks gratis","Musk blanco / Monoï / Algodón de azúcar",0,"2024-11-23",139.72
"2025-02-20","Pack de 6 meses de frescura : 5 musks + 5 desodorante + 5 brumas","Algodón de azúcar / Algodón de azúcar / Musk blanco",0,"2024-11-23",119.92
"2025-02-20","Pack descubrimiento: 2 musks + 1 desodorante + 1 bruma","Monoi / Algodón de azúcar / Musk blanco",0,"2024-11-23",44.91
"2025-02-20","Bruma corporal de vainilla y caramelo","Compre 2 brumas de caramelo de vainilla = reciba la tercera gratis",0,"2024-11-23",59.8
"2025-02-20","2 musks comprados = 3 musks gratis","Monoï / Musk blanco / Musk blanco",0,"2024-11-23",92.31
"2025-02-20","Pack fragancia : 5 brumas + 2 musks + 2 desodorantes","Pinky / Vainilla caramelo / Algodón de azúcar",0,"2024-11-23",89.9
"2025-02-20","2 musks comprados = 3 musks gratis","Algodón de azúcar / Cereza / Monoï",0,"2024-11-23",94.81
"2025-02-20","2 musks comprados = 3 musks gratis","Musk blanco / Monoï / Cereza",0,"2024-11-23",44.91
"2025-02-20","Pack de dulces : 1 bruma de algodón de azúcar + 1 musk de algodón de azúcar","Default Title",0,"2024-11-23",31.41
"2025-02-20","Pack blackfriday : 2 musks + 2 desodorante + 2 brumas","Cereza / Vainilla caramelo / Musk blanco",0,"2024-11-23",62.91
"2025-02-20","Pack descubrimiento: 2 musks + 1 desodorante + 1 bruma","Cereza / Algodón de azúcar / Musk blanco",0,"2024-11-23",44.91
"2025-02-20","MUSK ÍNTIMO | MUSKAT©","1 Muskat Musk íntimo / Musk Blanco",0,"2024-11-23",37.81
"2025-02-20","2 brumas compradas = 3 brumas gratis","Coco rojo / Algodón de azúcar",0,"2024-11-23",69.8
"2025-02-20","1 desodorante comprado = 1 musk gratis","Algodón de azúcar / Musk blanco",0,"2024-11-23",23.92
"2025-02-20","Pack descubrimiento: 2 musks + 1 desodorante + 1 bruma","Cereza / Algodón de azúcar / Vainilla caramelo",0,"2024-11-23",44.91
"2025-02-20","Pack descubrimiento: 2 musks + 1 desodorante + 1 bruma","Monoi / Monoi / Vainilla caramelo",0,"2024-11-23",49.9
"2025-02-20","MUSK ÍNTIMO | MUSKAT©","1 comprado = el segundo al 50% de descuento / Musk Blanco,Cereza",0,"2024-11-23",29.9
"2025-02-20","Pack descubrimiento: 2 musks + 1 desodorante + 1 bruma","Musk Blanco / Cereza / Vainilla caramelo",0,"2024-11-23",44.91
"2025-02-20","1 bruma comprada = 1 desodorante gratis","Pinky / Musk blanco",0,"2024-11-23",34.9
"2025-02-20",,,0,"2024-11-23",0
"2025-02-20","MUSK ÍNTIMO | MUSKAT©","2 comprados = 1 gratis / Algodón de azúcar,Algodón de azúcar,Cereza",0,"2024-11-23",39.9
"2025-02-20","2 musks comprados = 3 musks gratis","Cereza / Algodón de azúcar / Cereza",0,"2024-11-23",49.9
"2025-02-20","Bruma corporal de musk blanco","Default Title",0,"2024-11-23",31.41
"2025-02-20","MUSK ÍNTIMO - ALMIZCLE BLANCO","Default Title",0,"2024-11-23",99.5
"2025-02-20","2 musks comprados = 3 musks gratis","Cereza / Cereza / Monoï",0,"2024-11-23",99.8
"2025-02-20","MUSK ÍNTIMO | MUSKAT©","2 comprados = 1 gratis / Musk Blanco,Cereza,Monoi",0,"2024-11-23",35.91
"2025-02-20","Pack rosado : 1 bruma pinky + 1 musk de cereza","Default Title",0,"2024-11-23",34.9
"2025-02-20","MUSK ÍNTIMO | MUSKAT©","2 comprados = 1 gratis / Cereza,Cereza,Cereza",0,"2024-11-23",79.8
"2025-02-20","2 brumas compradas = 3 brumas gratis","Pinky / Vainilla caramelo",0,"2024-11-23",139.6
"2025-02-20","2 musks comprados = 3 musks gratis","Algodón de azúcar / Musk blanco / Monoï",0,"2024-11-23",49.9
"2025-02-20","Pack de rutina de frescura completa : 1 musk + 1 bruma + 1 desodorante","Algodón de azúcar / Algodón de azúcar / Musk blanco",0,"2024-11-23",35.91
"2025-02-20","2 brumas compradas = 3 brumas gratis","Algodón de azúcar / Musk blanco",0,"2024-11-23",62.82
"2025-02-20","Pack descubrimiento: 2 musks + 1 desodorante + 1 bruma","Musk Blanco / Musk Blanco / Musk blanco",0,"2024-11-23",49.9
"2025-02-21","Pack descubrimiento: 2 musks + 1 desodorante + 1 bruma","Musk Blanco / Musk Blanco / Vainilla caramelo",0,"2024-11-24",39.92
"2025-02-21","Pack blackfriday : 2 musks + 2 desodorante + 2 brumas","Musk blanco / Musk blanco / Musk blanco",0,"2024-11-24",125.82
"2025-02-21","2 brumas compradas = 3 brumas gratis","Algodón de azúcar / Algodón de azúcar",0,"2024-11-24",55.84
"2025-02-21","Oferta limitada: 1 bruma de caramelo de vainilla + 1 bruma de pinky","Default Title",0,"2024-11-24",34.9
"2025-02-21","MUSK ÍNTIMO | MUSKAT©","2 comprados = 1 gratis / Musk Blanco,Musk Blanco,Monoi",0,"2024-11-24",71.82
"2025-02-21","MUSK ÍNTIMO | MUSKAT©","1 comprado = el segundo al 50% de descuento / Algodón de azúcar,Cereza",0,"2024-11-24",26.91
"2025-02-21","Pack descubrimiento: 2 musks + 1 desodorante + 1 bruma","Monoi / Musk Blanco / Coco rojo",0,"2024-11-24",49.9
"2025-02-21",,,0,"2024-11-24",0
"2025-02-21","MUSK ÍNTIMO | MUSKAT©","1 Muskat Musk íntimo / Musk Blanco",0,"2024-11-24",17.91
"2025-02-21","Pack de rutina de frescura completa : 1 musk + 1 bruma + 1 desodorante","Cereza / Algodón de azúcar / Musk blanco",0,"2024-11-24",31.92
"2025-02-21","2 musks comprados = 3 musks gratis","Monoï / Musk blanco / Monoï",0,"2024-11-24",44.91
"2025-02-21","2 musks comprados = 3 musks gratis","Musk blanco / Musk blanco / Monoï",0,"2024-11-24",44.91
"2025-02-21","2 musks comprados = 3 musks gratis","Musk blanco / Musk blanco / Musk blanco",0,"2024-11-24",94.81
"2025-02-21","2 musks comprados = 3 musks gratis","Musk blanco / Cereza / Monoï",0,"2024-11-24",44.91
"2025-02-21","1 desodorante comprado = 1 musk gratis","Musk blanco / Musk blanco",0,"2024-11-24",26.91
"2025-02-21","Pack de rutina de frescura completa : 1 musk + 1 bruma + 1 desodorante","Algodón de azúcar / Algodón de azúcar / Musk blanco",0,"2024-11-24",79.8
"2025-02-21","2 musks comprados = 3 musks gratis","Cereza / Algodón de azúcar / Monoï",0,"2024-11-24",44.91
"2025-02-21","MUSK ÍNTIMO - CEREZA","Default Title",0,"2024-11-24",84.57
"2025-02-21","Pack de rutina de frescura completa : 1 musk + 1 bruma + 1 desodorante","Monoi / Vainilla caramelo / Musk blanco",0,"2024-11-24",31.92
"2025-02-21","Pack descubrimiento: 2 musks + 1 desodorante + 1 bruma","Algodón de azúcar / Algodón de azúcar / Algodón de azúcar",0,"2024-11-24",49.9
"2025-02-21","Pack delicadeza : 1 bruma de vainilla caramelo + 1 musk blanco","Default Title",0,"2024-11-24",27.92
"2025-02-21","1 desodorante comprado = 1 musk gratis","Cereza / Musk blanco",0,"2024-11-24",29.9
"2025-02-21","Pack de rutina de frescura completa : 1 musk + 1 bruma + 1 desodorante","Algodón de azúcar / Vainilla caramelo / Musk blanco",0,"2024-11-24",31.92
"2025-02-21","MUSK ÍNTIMO | MUSKAT©","1 Muskat Musk íntimo / Cereza",0,"2024-11-24",37.81
"2025-02-21","MUSK ÍNTIMO - MONOÏ","1 Muskat Musk íntimo Monoï",0,"2024-11-24",35.82
"2025-02-21","2 musks comprados = 3 musks gratis","Monoï / Musk blanco / Algodón de azúcar",0,"2024-11-24",39.92
"2025-02-21","1 desodorante comprado = 1 musk gratis","Monoi / Musk blanco",0,"2024-11-24",29.9
"2025-02-21","MUSK ÍNTIMO | MUSKAT©","1 comprado = el segundo al 50% de descuento / Musk Blanco,Monoi",0,"2024-11-24",29.9
"2025-02-21","Pack descubrimiento: 2 musks + 1 desodorante + 1 bruma","Musk Blanco / Algodón de azúcar / Musk blanco",0,"2024-11-24",79.84
"2025-02-21","Pack descubrimiento: 2 musks + 1 desodorante + 1 bruma","Musk Blanco / Monoi / Algodón de azúcar",0,"2024-11-24",49.9
"2025-02-21","MUSK ÍNTIMO | MUSKAT©","2 comprados = 1 gratis / Algodón de azúcar,Musk Blanco,Cereza",0,"2024-11-24",31.92
"2025-02-21","MUSK ÍNTIMO | MUSKAT©","2 comprados = 1 gratis / Musk Blanco,Cereza,Cereza",0,"2024-11-24",39.9
"2025-02-21","Pack descubrimiento: 2 musks + 1 desodorante + 1 bruma","Monoi / Algodón de azúcar / Vainilla caramelo",0,"2024-11-24",49.9
"2025-02-21","Pack descubrimiento: 2 musks + 1 desodorante + 1 bruma","Cereza / Algodón de azúcar / Pinky",0,"2024-11-24",49.9
"2025-02-21","MUSK ÍNTIMO | MUSKAT©","2 comprados = 1 gratis / Musk Blanco,Cereza,Monoi",0,"2024-11-24",35.91
"2025-02-21","MUSK ÍNTIMO | MUSKAT©","1 comprado = el segundo al 50% de descuento / Musk Blanco,Cereza",0,"2024-11-24",29.9
"2025-02-21","2 musks comprados = 3 musks gratis","Musk blanco / Algodón de azúcar / Musk blanco",0,"2024-11-24",49.9
"2025-02-21","2 musks comprados = 3 musks gratis","Monoï / Cereza / Monoï",0,"2024-11-24",44.91
"2025-02-21","1 bruma comprada = 1 desodorante gratis","Algodón de azúcar / Musk blanco",0,"2024-11-24",34.9
"2025-02-21","Bruma corporal Pinky","1 Bruma Pinky",0,"2024-11-24",29.9
"2025-02-21","Pack descubrimiento: 2 musks + 1 desodorante + 1 bruma","Musk Blanco / Cereza / Musk blanco",0,"2024-11-24",39.92
"2025-02-21","Pack de rutina de frescura completa : 1 musk + 1 bruma + 1 desodorante","Musk blanco / Musk blanco / Musk blanco",0,"2024-11-24",71.82
"2025-02-21","2 musks comprados = 3 musks gratis","Musk blanco / Cereza / Algodón de azúcar",0,"2024-11-24",44.91
"2025-02-21","Pack exótico : 1 musk monoi + 1 bruma de coco rojo","Default Title",0,"2024-11-24",94.23
"2025-02-21","Pack de rutina de frescura completa : 1 musk + 1 bruma + 1 desodorante","Cereza / Coco rojo / Musk blanco",0,"2024-11-24",35.91
"2025-02-21","Pack descubrimiento: 2 musks + 1 desodorante + 1 bruma","Musk Blanco / Musk Blanco / Musk blanco",0,"2024-11-24",94.81
"2025-02-21","2 musks comprados = 3 musks gratis","Algodón de azúcar / Algodón de azúcar / Algodón de azúcar",0,"2024-11-24",44.91
"2025-02-21","Pack descubrimiento: 2 musks + 1 desodorante + 1 bruma","Algodón de azúcar / Algodón de azúcar / Musk blanco",0,"2024-11-24",49.9
"2025-02-21","MUSK ÍNTIMO - ALMIZCLE BLANCO","Default Title",0,"2024-11-24",71.64
"2025-02-22","Pack descubrimiento: 2 musks + 1 desodorante + 1 bruma","Musk Blanco / Cereza / Vainilla caramelo",0,"2024-11-25",39.92
"2025-02-22","MUSK ÍNTIMO - MONOÏ","1 Muskat Musk íntimo Monoï",0,"2024-11-25",19.9
"2025-02-22","Pack de rutina de frescura completa : 1 musk + 1 bruma + 1 desodorante","Algodón de azúcar / Vainilla caramelo / Musk blanco",0,"2024-11-25",35.91
"2025-02-22",,,0,"2024-11-25",0
"2025-02-22","Pack descubrimiento: 2 musks + 1 desodorante + 1 bruma","Algodón de azúcar / Algodón de azúcar / Algodón de azúcar",0,"2024-11-25",49.9
"2025-02-22","Pack de rutina de frescura completa : 1 musk + 1 bruma + 1 desodorante","Cereza / Musk blanco / Musk blanco",0,"2024-11-25",31.92
"2025-02-22","2 musks comprados = 3 musks gratis","Algodón de azúcar / Cereza / Musk blanco",0,"2024-11-25",79.84
"2025-02-22","2 musks comprados = 3 musks gratis","Cereza / Algodón de azúcar / Musk blanco",0,"2024-11-25",32.43
"2025-02-22","MUSK ÍNTIMO | MUSKAT©","1 comprado = el segundo al 50% de descuento / Cereza,Monoi",0,"2024-11-25",19.43
